# LCI
wellesturner|https://lci.lyrasistechnology.org/wellesturner
avon|https://lci.lyrasistechnology.org/avon
westhartford|https://lci.lyrasistechnology.org/westhartford
mansfield|https://lci.lyrasistechnology.org/mansfield
newbritain|https://lci.lyrasistechnology.org/newbritain
simsbury|https://lci.lyrasistechnology.org/simsbury
berlinpeck|https://lci.lyrasistechnology.org/berlinpeck
cheshire|https://lci.lyrasistechnology.org/cheshire
enfield|https://lci.lyrasistechnology.org/enfield
bristol|https://lci.lyrasistechnology.org/bristol
cragin|https://lci.lyrasistechnology.org/cragin
burlington|https://lci.lyrasistechnology.org/burlington
waterford|https://lci.lyrasistechnology.org/waterford
canton|https://lci.lyrasistechnology.org/canton
cromwell|https://lci.lyrasistechnology.org/cromwell
granby|https://lci.lyrasistechnology.org/granby
easthartford|https://lci.lyrasistechnology.org/easthartford
newfairfield|https://lci.lyrasistechnology.org/newfairfield
warehouse|https://lci.lyrasistechnology.org/warehouse
manchester|https://lci.lyrasistechnology.org/manchester
richmond|https://lci.lyrasistechnology.org/richmond
welles|https://lci.lyrasistechnology.org/welles
plainville|https://lci.lyrasistechnology.org/plainville
portland|https://lci.lyrasistechnology.org/portland
belden|https://lci.lyrasistechnology.org/belden
southwindsor|https://lci.lyrasistechnology.org/southwindsor
southington|https://lci.lyrasistechnology.org/southington
wethersfield|https://lci.lyrasistechnology.org/wethersfield
windsorlocks|https://lci.lyrasistechnology.org/windsorlocks
windsor|https://lci.lyrasistechnology.org/windsor
groton|https://lci.lyrasistechnology.org/groton
goshen|https://lci.lyrasistechnology.org/goshen
wheeler|https://lci.lyrasistechnology.org/wheeler
farmington|https://lci.lyrasistechnology.org/farmington
wilton|https://lci.lyrasistechnology.org/wilton
beardsley|https://lci.lyrasistechnology.org/beardsley
bill|https://lci.lyrasistechnology.org/bill
eastgranby|https://lci.lyrasistechnology.org/eastgranby
lyme|https://lci.lyrasistechnology.org/lyme
mysticnoank|https://lci.lyrasistechnology.org/mysticnoank
watertown|https://lci.lyrasistechnology.org/watertown
bloomfield|https://lci.lyrasistechnology.org/bloomfield

# Bibliomation
beacon|https://bibliomation.lyrasistechnology.org/beacon
bentley|https://bibliomation.lyrasistechnology.org/bentley
cornwall|https://bibliomation.lyrasistechnology.org/cornwall
derbyneck|https://bibliomation.lyrasistechnology.org/derbyneck
derby|https://bibliomation.lyrasistechnology.org/derby
willimantic|https://bibliomation.lyrasistechnology.org/willimantic
douglashebron|https://bibliomation.lyrasistechnology.org/douglashebron
calvert|https://bibliomation.lyrasistechnology.org/calvert
douglascanaan|https://bibliomation.lyrasistechnology.org/douglascanaan
easton|https://bibliomation.lyrasistechnology.org/easton
gunn|https://bibliomation.lyrasistechnology.org/gunn
trumbull|https://bibliomation.lyrasistechnology.org/trumbull
hagaman|https://bibliomation.lyrasistechnology.org/hagaman
newmilford|https://bibliomation.lyrasistechnology.org/newmilford
whittemore|https://bibliomation.lyrasistechnology.org/whittemore
kent|https://bibliomation.lyrasistechnology.org/kent
hall|https://bibliomation.lyrasistechnology.org/hall
killingly|https://bibliomation.lyrasistechnology.org/killingly
davidmhunt|https://bibliomation.lyrasistechnology.org/davidmhunt
minor|https://bibliomation.lyrasistechnology.org/minor
slater|https://bibliomation.lyrasistechnology.org/slater
somers|https://bibliomation.lyrasistechnology.org/somers
milford|https://bibliomation.lyrasistechnology.org/milford
hotchkiss|https://bibliomation.lyrasistechnology.org/hotchkiss
ewml|https://bibliomation.lyrasistechnology.org/ewml
morris|https://bibliomation.lyrasistechnology.org/morris
southbury|https://bibliomation.lyrasistechnology.org/southbury
norfolk|https://bibliomation.lyrasistechnology.org/norfolk
sprague|https://bibliomation.lyrasistechnology.org/sprague
wolcott|https://bibliomation.lyrasistechnology.org/wolcott
thomaston|https://bibliomation.lyrasistechnology.org/thomaston
oxford|https://bibliomation.lyrasistechnology.org/oxford
stafford|https://bibliomation.lyrasistechnology.org/stafford
putnam|https://bibliomation.lyrasistechnology.org/putnam
terryville|https://bibliomation.lyrasistechnology.org/terryville
marktwain|https://bibliomation.lyrasistechnology.org/marktwain
suffieldkent|https://bibliomation.lyrasistechnology.org/suffieldkent
ridgefield|https://bibliomation.lyrasistechnology.org/ridgefield
thompson|https://bibliomation.lyrasistechnology.org/thompson
rockville|https://bibliomation.lyrasistechnology.org/rockville
rowayton|https://bibliomation.lyrasistechnology.org/rowayton
salem|https://bibliomation.lyrasistechnology.org/salem
tolland|https://bibliomation.lyrasistechnology.org/tolland
scoville|https://bibliomation.lyrasistechnology.org/scoville
seymour|https://bibliomation.lyrasistechnology.org/seymour
unionfree|https://bibliomation.lyrasistechnology.org/unionfree
shelton|https://bibliomation.lyrasistechnology.org/shelton
sherman|https://bibliomation.lyrasistechnology.org/sherman
warren|https://bibliomation.lyrasistechnology.org/warren
bronson|https://bibliomation.lyrasistechnology.org/bronson
windham|https://bibliomation.lyrasistechnology.org/windham
guilfordsmith|https://bibliomation.lyrasistechnology.org/guilfordsmith
wolcottlibrary|https://bibliomation.lyrasistechnology.org/wolcottlibrary
woodbury|https://bibliomation.lyrasistechnology.org/woodbury
babcock|https://bibliomation.lyrasistechnology.org/babcock
bethel|https://bibliomation.lyrasistechnology.org/bethel
bridgeport|https://bibliomation.lyrasistechnology.org/bridgeport
burnham|https://bibliomation.lyrasistechnology.org/burnham
brookfield|https://bibliomation.lyrasistechnology.org/brookfield
cyreniushbooth|https://bibliomation.lyrasistechnology.org/cyreniushbooth
ansonia|https://bibliomation.lyrasistechnology.org/ansonia
weston|https://bibliomation.lyrasistechnology.org/weston
chaplin|https://bibliomation.lyrasistechnology.org/chaplin
bethlehem|https://bibliomation.lyrasistechnology.org/bethlehem

# Demo
lyrasis|https://demo.lyrasistechnology.org/lyrasis
NYU|https://demo.lyrasistechnology.org/NYU
ORL|https://demo.lyrasistechnology.org/ORL
columbia|https://demo.lyrasistechnology.org/columbia
OAPEN|https://demo.lyrasistechnology.org/OAPEN

# Lion
blackstone|https://lion.lyrasistechnology.org/blackstone
durham|https://lion.lyrasistechnology.org/durham
clark|https://lion.lyrasistechnology.org/clark
easthampton|https://lion.lyrasistechnology.org/easthampton
eastlyme|https://lion.lyrasistechnology.org/eastlyme
essex|https://lion.lyrasistechnology.org/essex
guilford|https://lion.lyrasistechnology.org/guilford
ecscranton|https://lion.lyrasistechnology.org/ecscranton
northhaven|https://lion.lyrasistechnology.org/northhaven
hamden|https://lion.lyrasistechnology.org/hamden
meriden|https://lion.lyrasistechnology.org/meriden
ivoryton|https://lion.lyrasistechnology.org/ivoryton
plnl|https://lion.lyrasistechnology.org/plnl
ledyard|https://lion.lyrasistechnology.org/ledyard
leviecoe|https://lion.lyrasistechnology.org/leviecoe
otis|https://lion.lyrasistechnology.org/otis
russell|https://lion.lyrasistechnology.org/russell
nbranford|https://lion.lyrasistechnology.org/nbranford
brainerd|https://lion.lyrasistechnology.org/brainerd
oldlyme|https://lion.lyrasistechnology.org/oldlyme
acton|https://lion.lyrasistechnology.org/acton
casememorial|https://lion.lyrasistechnology.org/casememorial
willoughby|https://lion.lyrasistechnology.org/willoughby
wallingford|https://lion.lyrasistechnology.org/wallingford
westhaven|https://lion.lyrasistechnology.org/westhaven
westbrook|https://lion.lyrasistechnology.org/westbrook
woodbridge|https://lion.lyrasistechnology.org/woodbridge
easthaddam|https://lion.lyrasistechnology.org/easthaddam

# clp
clp|https://lcp.lyrasistechnology.org/clp

# md-southern
MDCHAR|https://smrla.simplye-md.org/MDCHAR
MDCALV|https://smrla.simplye-md.org/MDCALV
MDMARY|https://smrla.simplye-md.org/MDMARY

# md-anne-arundel
ANNEARUNDEL|https://anne-arundel.simplye-md.org/ANNEARUNDEL

# md-frederick
MDFREDCT|https://frederick.simplye-md.org/MDFREDCT

# md-allegany
MDALLEGANY|https://allegany.simplye-md.org/MDALLEGANY

# md-carroll
CARROLL|https://carroll.simplye-md.org/CARROLL

# md-montgomery
MDMONTG|https://montgomery.simplye-md.org/MDMONTG

# md-western
MDRUTH|https://wmrl.simplye-md.org/MDRUTH
MDWASH|https://wmrl.simplye-md.org/MDWASH

# md-howard
MDHOWRDCTLIB|https://howard.simplye-md.org/MDHOWRDCTLIB

# ct-verso
newhavenfree|https://ct-verso.lyrasistechnology.org/newhavenfree
hartford|https://ct-verso.lyrasistechnology.org/hartford
ferguson|https://ct-verso.lyrasistechnology.org/ferguson
danbury|https://ct-verso.lyrasistechnology.org/danbury
henrycarterhull|https://ct-verso.lyrasistechnology.org/henrycarterhull

# montana
sheridan|https://montana.lyrasistechnology.org/sheridan
montanastate|https://montana.lyrasistechnology.org/montanastate
missoula|https://montana.lyrasistechnology.org/missoula
greatfalls|https://montana.lyrasistechnology.org/greatfalls

# columbia
CUL|https://columbia.lyrasistechnology.org/CUL

# wa-standalone
wsl|https://wa-standalone.lyrasistechnology.org/wsl
WA0070|https://wa-standalone.lyrasistechnology.org/WA0070
WA0051|https://wa-standalone.lyrasistechnology.org/WA0051

# wa-shared
WA0032|https://wa-shared.lyrasistechnology.org/WA0032
WA0047|https://wa-shared.lyrasistechnology.org/WA0047
WA0033|https://wa-shared.lyrasistechnology.org/WA0033
